INSERT INTO users (id,
                   username,
                   email,
                   password,
                   created_at,
                   updated_at,
                   deleted_at)
VALUES ('11111111-1111-1111-1111-111111111111',
        'john_doe',
        'john@example.com',
        '$2a$10$zl6w0KvOylaMszfMKRKKgOwjX1m4EmOPCo4r0vIx.7LzYcLCsH2TW',
        NOW(),
        NOW(),
        NULL),
       ('22222222-2222-2222-2222-222222222222',
        'alice',
        'alice@example.com',
        '$2a$10$nMqgAPFyPNNf4tJli7fGtOO5VAKg8EgvRULbd4SIKqTqV/iChPpHm',
        NOW(),
        NOW(),
        NULL),
       ('33333333-3333-3333-3333-333333333333',
        'michael',
        'michael@example.com',
        '$2a$10$nMqgAPFyPNNf4tJli7fGtOO5VAKg8EgvRULbd4SIKqTqV/iChPpHm',
        NOW(),
        NOW(),
        NULL);

INSERT INTO tasks (id,
                   title,
                   description,
                   status,
                   created_at,
                   updated_at,
                   deleted_at,
                   user_id)
VALUES ('aaaaaaaa-aaaa-aaaa-aaaa-aaaaaaaaaaaa',
        'Finish Spring Boot project',
        'Implement REST API and JPA layer',
        'IN_PROGRESS',
        NOW(),
        NOW(),
        NULL,
        '11111111-1111-1111-1111-111111111111'),
       ('bbbbbbbb-bbbb-bbbb-bbbb-bbbbbbbbbbbb',
        'Write unit tests',
        'Cover service layer using JUnit and Mockito',
        'TODO',
        NOW(),
        NOW(),
        NULL,
        '11111111-1111-1111-1111-111111111111'),
       ('cccccccc-cccc-cccc-cccc-cccccccccccc',
        'Fix authentication',
        'Resolve JWT validation issue',
        'DONE',
        NOW(),
        NOW(),
        NULL,
        '11111111-1111-1111-1111-111111111111'),
       ('dddddddd-dddd-dddd-dddd-dddddddddddd',
        'Create Docker image',
        'Prepare Dockerfile for production',
        'TODO',
        NOW(),
        NOW(),
        NULL,
        '22222222-2222-2222-2222-222222222222'),
       ('eeeeeeee-eeee-eeee-eeee-eeeeeeeeeeee',
        'Optimize SQL queries',
        'Reduce execution time of repository methods',
        'IN_PROGRESS',
        NOW(),
        NOW(),
        NULL,
        '22222222-2222-2222-2222-222222222222'),
       ('ffffffff-ffff-ffff-ffff-ffffffffffff',
        'Prepare project documentation',
        'Write README and API documentation',
        'DONE',
        NOW(),
        NOW(),
        NULL,
        '33333333-3333-3333-3333-333333333333'),
       ('12121212-1212-1212-1212-121212121212',
        'Implement pagination',
        'Add pagination and sorting to task endpoint',
        'TODO',
        NOW(),
        NOW(),
        NULL,
        '33333333-3333-3333-3333-333333333333'),
       ('34343434-3434-3434-3434-343434343434',
        'Refactor service layer',
        NULL,
        'TODO',
        NOW(),
        NULL,
        NULL,
        '33333333-3333-3333-3333-333333333333');

INSERT INTO users_roles (user_id, role)
VALUES ('11111111-1111-1111-1111-111111111111', 'ROLE_ADMIN'),
       ('11111111-1111-1111-1111-111111111111', 'ROLE_USER'),
       ('22222222-2222-2222-2222-222222222222', 'ROLE_USER'),
       ('33333333-3333-3333-3333-333333333333', 'ROLE_USER');



